month_key,picks_total,scored,hit,miss,void,pending_result,no_evaluable,hit_rate_on_scored,roi_flat_stake_units,roi_flat_stake_pct
2025-01,19,19,11,8,0,0,0,0.578947,2.005,10.552632
2025-08,17,17,8,9,0,0,0,0.470588,-2.915,-17.147059
2026-01,54,54,28,26,0,0,0,0.518519,-3.755,-6.953704
2026-02,55,55,30,25,0,0,0,0.545455,1.065,1.936364
2026-03,56,56,31,25,0,0,0,0.553571,2.79,4.982143
2026-04,58,58,26,32,0,0,0,0.448276,-6.53,-11.258621
