{
  "runs_evaluated": [
    "shadow-dsr-native-full-20260428-214014"
  ],
  "generated_at_utc": "2026-04-28T23:30:36.661534+00:00",
  "rows": [
    {
      "run_key": "shadow-dsr-native-full-20260428-214014",
      "picks_total": 259,
      "scored": 259,
      "hit": 134,
      "miss": 125,
      "void": 0,
      "pending_result": 0,
      "no_evaluable": 0,
      "roi_flat_stake_units": -7.339999999999998,
      "hit_rate": 0.517375,
      "roi_flat_stake_pct": -2.833977
    }
  ]
}